{
  "dividerPosition": 0.29154302670623145,
  "tabPane": [
    {
      "title": "Drive",
      "autoPopulate": false,
      "autoPopulatePrefix": "",
      "widgetPane": {
        "gridSize": 64.0,
        "showGrid": true,
        "hgap": 16.0,
        "vgap": 16.0,
        "tiles": {
          "9,2": {
            "size": [
              2,
              2
            ],
            "content": {
              "_type": "Text View",
              "_source0": "network_table:///SmartDashboard/Gyro Heading",
              "_title": "Gyro Heading"
            }
          },
          "9,0": {
            "size": [
              2,
              2
            ],
            "content": {
              "_type": "Text View",
              "_source0": "network_table:///SmartDashboard/Follower Wheel Heading",
              "_title": "Follower Heading"
            }
          },
          "0,2": {
            "size": [
              3,
              2
            ],
            "content": {
              "_type": "Text View",
              "_source0": "network_table:///SmartDashboard/Left Drive Distance",
              "_title": "Left Drive"
            }
          },
          "3,2": {
            "size": [
              3,
              2
            ],
            "content": {
              "_type": "Text View",
              "_source0": "network_table:///SmartDashboard/Right Drive Distance",
              "_title": "Right Drive"
            }
          },
          "0,0": {
            "size": [
              3,
              2
            ],
            "content": {
              "_type": "Encoder",
              "_source0": "network_table:///LiveWindow/Ungrouped/RearFollower",
              "_title": "Left Follower"
            }
          },
          "3,0": {
            "size": [
              3,
              2
            ],
            "content": {
              "_type": "Encoder",
              "_source0": "network_table:///LiveWindow/Ungrouped/RightFollower",
              "_title": "Right Follower"
            }
          },
          "6,0": {
            "size": [
              3,
              2
            ],
            "content": {
              "_type": "Encoder",
              "_source0": "network_table:///LiveWindow/Ungrouped/RearFollower",
              "_title": "Rear Follower"
            }
          },
          "6,2": {
            "size": [
              3,
              2
            ],
            "content": {
              "_type": "Text View",
              "_source0": "network_table:///SmartDashboard/Robot Linear Velocity",
              "_title": "Linear Velocity"
            }
          }
        }
      }
    },
    {
      "title": "Superstructure",
      "autoPopulate": false,
      "autoPopulatePrefix": "",
      "widgetPane": {
        "gridSize": 64.0,
        "showGrid": true,
        "hgap": 16.0,
        "vgap": 16.0,
        "tiles": {
          "0,3": {
            "size": [
              3,
              2
            ],
            "content": {
              "_type": "Number Bar",
              "_source0": "network_table:///SmartDashboard/Elevator Height",
              "_title": "Elevator Height",
              "min": 0.0,
              "max": 85.0,
              "center": 0.0,
              "numTickMarks": 5.0,
              "showText": true
            }
          },
          "6,3": {
            "size": [
              3,
              2
            ],
            "content": {
              "_type": "Simple Dial",
              "_source0": "network_table:///SmartDashboard/Wrist Angle",
              "_title": "Wrist Angle",
              "minValue": 0.0,
              "maxValue": 180.0,
              "valueVisible": true
            }
          },
          "9,3": {
            "size": [
              3,
              2
            ],
            "content": {
              "_type": "Number Bar",
              "_source0": "network_table:///SmartDashboard/Wrist Power %",
              "_title": "Wrist Output",
              "min": -1.0,
              "max": 1.0,
              "center": 0.0,
              "numTickMarks": 5.0,
              "showText": true
            }
          },
          "3,3": {
            "size": [
              3,
              2
            ],
            "content": {
              "_type": "Number Bar",
              "_source0": "network_table:///SmartDashboard/Elevator Output %",
              "_title": "Elevator Output",
              "min": -1.0,
              "max": 1.0,
              "center": 0.0,
              "numTickMarks": 5.0,
              "showText": true
            }
          },
          "11,0": {
            "size": [
              1,
              1
            ],
            "content": {
              "_type": "Boolean Box",
              "_source0": "network_table:///SmartDashboard/Wrist Limit Switch",
              "_title": "Limit",
              "colorWhenTrue": "#7CFC00FF",
              "colorWhenFalse": "#8B0000FF"
            }
          },
          "5,0": {
            "size": [
              1,
              1
            ],
            "content": {
              "_type": "Boolean Box",
              "_source0": "network_table:///SmartDashboard/Elevator Limit",
              "_title": "Limit",
              "colorWhenTrue": "#7CFC00FF",
              "colorWhenFalse": "#8B0000FF"
            }
          },
          "11,1": {
            "size": [
              1,
              1
            ],
            "content": {
              "_type": "Boolean Box",
              "_source0": "network_table:///SmartDashboard/LeftBanner",
              "_title": "Left I",
              "colorWhenTrue": "#7CFC00FF",
              "colorWhenFalse": "#8B0000FF"
            }
          },
          "11,2": {
            "size": [
              1,
              1
            ],
            "content": {
              "_type": "Boolean Box",
              "_source0": "network_table:///SmartDashboard/RightBanner",
              "_title": "Right I",
              "colorWhenTrue": "#7CFC00FF",
              "colorWhenFalse": "#8B0000FF"
            }
          },
          "0,0": {
            "size": [
              5,
              3
            ],
            "content": {
              "_type": "Graph",
              "_source0": "network_table:///SmartDashboard/Elevator Error",
              "_title": "/SmartDashboard/Elevator Error",
              "Visible time": 3.0
            }
          },
          "6,0": {
            "size": [
              5,
              3
            ],
            "content": {
              "_type": "Graph",
              "_source0": "network_table:///SmartDashboard/Wrist Error",
              "_title": "/SmartDashboard/Wrist Error",
              "Visible time": 3.0
            }
          }
        }
      }
    },
    {
      "title": "Autonomous Selection",
      "autoPopulate": false,
      "autoPopulatePrefix": "",
      "widgetPane": {
        "gridSize": 64.0,
        "showGrid": true,
        "hgap": 16.0,
        "vgap": 16.0,
        "tiles": {
          "0,0": {
            "size": [
              4,
              2
            ],
            "content": {
              "_type": "ComboBox Chooser",
              "_source0": "network_table:///SmartDashboard/Starting Position",
              "_title": "SmartDashboard/Starting Position"
            }
          },
          "0,2": {
            "size": [
              4,
              2
            ],
            "content": {
              "_type": "ComboBox Chooser",
              "_source0": "network_table:///SmartDashboard/Auto mode",
              "_title": "SmartDashboard/Auto mode"
            }
          },
          "4,2": {
            "size": [
              4,
              2
            ],
            "content": {
              "_type": "Text View",
              "_source0": "network_table:///SmartDashboard/AutoModeSelected",
              "_title": "SmartDashboard/AutoModeSelected"
            }
          },
          "4,0": {
            "size": [
              4,
              2
            ],
            "content": {
              "_type": "Text View",
              "_source0": "network_table:///SmartDashboard/StartingPositionSelected",
              "_title": "/SmartDashboard/StartingPositionSelected"
            }
          },
          "2,5": {
            "size": [
              4,
              1
            ],
            "content": {
              "_type": "Text View",
              "_source0": "network_table:///SmartDashboard/SwitchScalePositionSelected",
              "_title": "/SmartDashboard/SwitchScalePositionSelected"
            }
          }
        }
      }
    }
  ]
}