<xml version="1.0">
<dashboard>
	<widget field="turret_on_target" type="Boolean" class="edu.wpi.first.smartdashboard.gui.elements.BooleanBox">
		<location x="835" y="16"/>
		<width>477</width>
		<height>304</height>
	</widget>
	<widget field="flywheel_on_target" type="Boolean" class="edu.wpi.first.smartdashboard.gui.elements.BooleanBox">
		<location x="400" y="16"/>
		<width>544</width>
		<height>304</height>
	</widget>
	<widget field="hood_on_target" type="Boolean" class="edu.wpi.first.smartdashboard.gui.elements.BooleanBox">
		<location x="16" y="16"/>
		<width>464</width>
		<height>304</height>
	</widget>
	<widget field="turret_rev_limit" type="Boolean" class="edu.wpi.first.smartdashboard.gui.elements.TextBox">
		<location x="125" y="631"/>
	</widget>
	<widget field="turret_error" type="Number" class="edu.wpi.first.smartdashboard.gui.elements.TextBox">
		<location x="-38" y="626"/>
	</widget>
	<widget field="gyro_center" type="Number" class="edu.wpi.first.smartdashboard.gui.elements.TextBox">
		<location x="85" y="659"/>
	</widget>
	<widget field="hood_setpoint" type="Number" class="edu.wpi.first.smartdashboard.gui.elements.TextBox">
		<location x="97" y="654"/>
	</widget>
	<widget field="turret_setpoint" type="Number" class="edu.wpi.first.smartdashboard.gui.elements.TextBox">
		<location x="114" y="655"/>
	</widget>
	<widget field="Auton Mode" type="String Chooser" class="edu.wpi.first.smartdashboard.gui.elements.Chooser">
		<location x="246" y="660"/>
	</widget>
	<widget field="flywheel_rpm" type="Number" class="edu.wpi.first.smartdashboard.gui.elements.TextBox">
		<location x="156" y="644"/>
		<height>20</height>
	</widget>
	<widget field="Hood Tuning Mode" type="Boolean" class="edu.wpi.first.smartdashboard.gui.elements.TextBox">
		<location x="28" y="655"/>
	</widget>
	<widget field="robot_pose_y" type="Number" class="edu.wpi.first.smartdashboard.gui.elements.TextBox">
		<location x="38" y="628"/>
	</widget>
	<widget field="robot_pose_x" type="Number" class="edu.wpi.first.smartdashboard.gui.elements.TextBox">
		<location x="20" y="647"/>
	</widget>
	<widget field="has_hood_homed" type="Boolean" class="edu.wpi.first.smartdashboard.gui.elements.TextBox">
		<location x="-57" y="647"/>
	</widget>
	<widget field="hood_angle" type="Number" class="edu.wpi.first.smartdashboard.gui.elements.TextBox">
		<location x="77" y="649"/>
	</widget>
	<widget field="Auton Ball Worn?" type="Boolean" class="edu.wpi.first.smartdashboard.gui.elements.TextBox">
		<location x="-11" y="654"/>
	</widget>
	<widget field="right_distance" type="Number" class="edu.wpi.first.smartdashboard.gui.elements.TextBox">
		<location x="40" y="652"/>
	</widget>
	<widget field="shooter_state" type="String" class="edu.wpi.first.smartdashboard.gui.elements.TextBox">
		<location x="99" y="660"/>
	</widget>
	<widget field="left_distance" type="Number" class="edu.wpi.first.smartdashboard.gui.elements.TextBox">
		<location x="6" y="663"/>
		<height>21</height>
	</widget>
	<widget field="gyro_angle" type="Number" class="edu.wpi.first.smartdashboard.gui.elements.TextBox">
		<location x="93" y="659"/>
		<height>20</height>
	</widget>
	<widget field="goal_debug_y" type="Number" class="edu.wpi.first.smartdashboard.gui.elements.TextBox">
		<location x="7" y="644"/>
	</widget>
	<widget field="goal_debug_x" type="Number" class="edu.wpi.first.smartdashboard.gui.elements.TextBox">
		<location x="21" y="637"/>
	</widget>
	<widget field="Balls Worn?" type="Boolean" class="edu.wpi.first.smartdashboard.gui.elements.TextBox">
		<location x="40" y="649"/>
	</widget>
	<widget field="goal_centroid_y" type="Number" class="edu.wpi.first.smartdashboard.gui.elements.TextBox">
		<location x="-1" y="628"/>
	</widget>
	<widget field="goal_centroid_x" type="Number" class="edu.wpi.first.smartdashboard.gui.elements.TextBox">
		<location x="0" y="639"/>
		<height>28</height>
	</widget>
	<widget field="goal_pose_x" type="Number" class="edu.wpi.first.smartdashboard.gui.elements.TextBox">
		<location x="-11" y="656"/>
	</widget>
	<widget field="heading_error" type="Number" class="edu.wpi.first.smartdashboard.gui.elements.TextBox">
		<location x="-3" y="656"/>
	</widget>
	<widget field="flywheel_setpoint" type="Number" class="edu.wpi.first.smartdashboard.gui.elements.TextBox">
		<location x="-13" y="654"/>
	</widget>
	<widget field="hood_error" type="Number" class="edu.wpi.first.smartdashboard.gui.elements.TextBox">
		<location x="21" y="635"/>
	</widget>
	<widget field="goal_pose_y" type="Number" class="edu.wpi.first.smartdashboard.gui.elements.TextBox">
		<location x="9" y="642"/>
	</widget>
	<widget field="Output To SmartDashboard" type="Boolean" class="edu.wpi.first.smartdashboard.gui.elements.TextBox">
		<location x="-13" y="657"/>
	</widget>
	<widget field="Air Pressure psi" type="Number" class="edu.wpi.first.smartdashboard.gui.elements.TextBox">
		<location x="28" y="642"/>
	</widget>
	<widget field="right_velocity" type="Number" class="edu.wpi.first.smartdashboard.gui.elements.TextBox">
		<location x="0" y="648"/>
	</widget>
	<widget field="turret_angle" type="Number" class="edu.wpi.first.smartdashboard.gui.elements.TextBox">
		<location x="0" y="658"/>
	</widget>
	<widget field="left_velocity" type="Number" class="edu.wpi.first.smartdashboard.gui.elements.TextBox">
		<location x="5" y="650"/>
	</widget>
	<widget field="current_angle" type="Number" class="edu.wpi.first.smartdashboard.gui.elements.TextBox">
		<location x="-19" y="641"/>
	</widget>
	<widget field="turret_fwd_limit" type="Boolean" class="edu.wpi.first.smartdashboard.gui.elements.TextBox">
		<location x="4" y="647"/>
	</widget>
	<widget field="Robot in Start Position" type="Boolean" class="edu.wpi.first.smartdashboard.gui.elements.TextBox">
		<location x="4" y="654"/>
	</widget>
	<widget field="robot_pose_theta" type="Number" class="edu.wpi.first.smartdashboard.gui.elements.TextBox">
		<location x="6" y="662"/>
	</widget>
	<widget field="current_range" type="Number" class="edu.wpi.first.smartdashboard.gui.elements.TextBox">
		<location x="-14" y="654"/>
	</widget>
	<static-widget class="edu.wpi.first.smartdashboard.gui.elements.Label">
		<location x="1222" y="17"/>
		<property name="Text" value="Connected?"/>
		<property name="Horizontal Alignment" value="Right"/>
	</static-widget>
	<static-widget class="edu.wpi.first.smartdashboard.gui.elements.ConnectionIndicator">
		<location x="1288" y="9"/>
		<height>31</height>
		<property name="Graphics" value="Simple"/>
	</static-widget>
</dashboard>
<live-window>
	<widget field="Ungrouped" type="LW Subsystem" class="edu.wpi.first.smartdashboard.livewindow.elements.LWSubsystem">
		<widget field="CANTalon[4]" type="Table" class="edu.wpi.first.smartdashboard.livewindow.elements.CANSpeedController">
			<location x="0" y="0"/>
			<height>0</height>
			<width>0</width>
		</widget>
		<widget field="CANTalon[4]" type="Table" class="edu.wpi.first.smartdashboard.livewindow.elements.CANSpeedController">
			<location x="0" y="0"/>
			<height>0</height>
			<width>0</width>
		</widget>
		<widget field="CANTalon[8]" type="Table" class="edu.wpi.first.smartdashboard.livewindow.elements.CANSpeedController">
			<location x="0" y="0"/>
			<height>0</height>
			<width>0</width>
		</widget>
		<widget field="CANTalon[8]" type="Table" class="edu.wpi.first.smartdashboard.livewindow.elements.CANSpeedController">
			<location x="0" y="0"/>
			<height>0</height>
			<width>0</width>
		</widget>
		<widget field="CANTalon[10]" type="Table" class="edu.wpi.first.smartdashboard.livewindow.elements.CANSpeedController">
			<location x="0" y="0"/>
			<height>0</height>
			<width>0</width>
		</widget>
		<widget field="CANTalon[10]" type="Table" class="edu.wpi.first.smartdashboard.livewindow.elements.CANSpeedController">
			<location x="0" y="0"/>
			<height>0</height>
			<width>0</width>
		</widget>
		<widget field="CANTalon[11]" type="Table" class="edu.wpi.first.smartdashboard.livewindow.elements.CANSpeedController">
			<location x="0" y="0"/>
			<height>0</height>
			<width>0</width>
		</widget>
		<widget field="CANTalon[11]" type="Table" class="edu.wpi.first.smartdashboard.livewindow.elements.CANSpeedController">
			<location x="0" y="0"/>
			<height>0</height>
			<width>0</width>
		</widget>
		<widget field="CANTalon[2]" type="Table" class="edu.wpi.first.smartdashboard.livewindow.elements.CANSpeedController">
			<location x="0" y="0"/>
			<height>0</height>
			<width>0</width>
		</widget>
		<widget field="CANTalon[2]" type="Table" class="edu.wpi.first.smartdashboard.livewindow.elements.CANSpeedController">
			<location x="0" y="0"/>
			<height>0</height>
			<width>0</width>
		</widget>
		<widget field="CANTalon[12]" type="Table" class="edu.wpi.first.smartdashboard.livewindow.elements.CANSpeedController">
			<location x="0" y="0"/>
			<height>0</height>
			<width>0</width>
		</widget>
		<widget field="CANTalon[12]" type="Table" class="edu.wpi.first.smartdashboard.livewindow.elements.CANSpeedController">
			<location x="0" y="0"/>
			<height>0</height>
			<width>0</width>
		</widget>
		<widget field="Solenoid[0,4]" type="Table" class="edu.wpi.first.smartdashboard.livewindow.elements.DigitalOutputController">
			<location x="0" y="0"/>
			<height>0</height>
			<width>0</width>
		</widget>
		<widget field="Solenoid[0,4]" type="Table" class="edu.wpi.first.smartdashboard.livewindow.elements.DigitalOutputController">
			<location x="0" y="0"/>
			<height>0</height>
			<width>0</width>
		</widget>
		<widget field="Solenoid[0,2]" type="Table" class="edu.wpi.first.smartdashboard.livewindow.elements.DigitalOutputController">
			<location x="0" y="0"/>
			<height>0</height>
			<width>0</width>
		</widget>
		<widget field="Solenoid[0,2]" type="Table" class="edu.wpi.first.smartdashboard.livewindow.elements.DigitalOutputController">
			<location x="0" y="0"/>
			<height>0</height>
			<width>0</width>
		</widget>
		<widget field="Solenoid[1,3]" type="Table" class="edu.wpi.first.smartdashboard.livewindow.elements.DigitalOutputController">
			<location x="0" y="0"/>
			<height>0</height>
			<width>0</width>
		</widget>
		<widget field="Solenoid[1,3]" type="Table" class="edu.wpi.first.smartdashboard.livewindow.elements.DigitalOutputController">
			<location x="0" y="0"/>
			<height>0</height>
			<width>0</width>
		</widget>
		<widget field="CANTalon[7]" type="Table" class="edu.wpi.first.smartdashboard.livewindow.elements.CANSpeedController">
			<location x="0" y="0"/>
			<height>0</height>
			<width>0</width>
		</widget>
		<widget field="CANTalon[7]" type="Table" class="edu.wpi.first.smartdashboard.livewindow.elements.CANSpeedController">
			<location x="0" y="0"/>
			<height>0</height>
			<width>0</width>
		</widget>
		<widget field="DigitalInput[9]" type="Table" class="edu.wpi.first.smartdashboard.livewindow.elements.DigitalInputDisplay">
			<location x="0" y="0"/>
			<height>0</height>
			<width>0</width>
		</widget>
		<widget field="DigitalInput[9]" type="Table" class="edu.wpi.first.smartdashboard.livewindow.elements.DigitalInputDisplay">
			<location x="0" y="0"/>
			<height>0</height>
			<width>0</width>
		</widget>
		<widget field="Solenoid[0,3]" type="Table" class="edu.wpi.first.smartdashboard.livewindow.elements.DigitalOutputController">
			<location x="0" y="0"/>
			<height>0</height>
			<width>0</width>
		</widget>
		<widget field="Solenoid[0,3]" type="Table" class="edu.wpi.first.smartdashboard.livewindow.elements.DigitalOutputController">
			<location x="0" y="0"/>
			<height>0</height>
			<width>0</width>
		</widget>
		<widget field="Solenoid[0,1]" type="Table" class="edu.wpi.first.smartdashboard.livewindow.elements.DigitalOutputController">
			<location x="0" y="0"/>
			<height>0</height>
			<width>0</width>
		</widget>
		<widget field="Solenoid[0,1]" type="Table" class="edu.wpi.first.smartdashboard.livewindow.elements.DigitalOutputController">
			<location x="0" y="0"/>
			<height>0</height>
			<width>0</width>
		</widget>
		<widget field="Solenoid[1,1]" type="Table" class="edu.wpi.first.smartdashboard.livewindow.elements.DigitalOutputController">
			<location x="0" y="0"/>
			<height>0</height>
			<width>0</width>
		</widget>
		<widget field="Solenoid[1,1]" type="Table" class="edu.wpi.first.smartdashboard.livewindow.elements.DigitalOutputController">
			<location x="0" y="0"/>
			<height>0</height>
			<width>0</width>
		</widget>
		<widget field="Solenoid[0,5]" type="Table" class="edu.wpi.first.smartdashboard.livewindow.elements.DigitalOutputController">
			<location x="0" y="0"/>
			<height>0</height>
			<width>0</width>
		</widget>
		<widget field="Solenoid[0,5]" type="Table" class="edu.wpi.first.smartdashboard.livewindow.elements.DigitalOutputController">
			<location x="0" y="0"/>
			<height>0</height>
			<width>0</width>
		</widget>
		<widget field="CANTalon[3]" type="Table" class="edu.wpi.first.smartdashboard.livewindow.elements.CANSpeedController">
			<location x="0" y="0"/>
			<height>0</height>
			<width>0</width>
		</widget>
		<widget field="CANTalon[3]" type="Table" class="edu.wpi.first.smartdashboard.livewindow.elements.CANSpeedController">
			<location x="0" y="0"/>
			<height>0</height>
			<width>0</width>
		</widget>
		<widget field="Solenoid[0,0]" type="Table" class="edu.wpi.first.smartdashboard.livewindow.elements.DigitalOutputController">
			<location x="0" y="0"/>
			<height>0</height>
			<width>0</width>
		</widget>
		<widget field="Solenoid[0,0]" type="Table" class="edu.wpi.first.smartdashboard.livewindow.elements.DigitalOutputController">
			<location x="0" y="0"/>
			<height>0</height>
			<width>0</width>
		</widget>
		<widget field="Solenoid[1,2]" type="Table" class="edu.wpi.first.smartdashboard.livewindow.elements.DigitalOutputController">
			<location x="0" y="0"/>
			<height>0</height>
			<width>0</width>
		</widget>
		<widget field="Solenoid[1,2]" type="Table" class="edu.wpi.first.smartdashboard.livewindow.elements.DigitalOutputController">
			<location x="0" y="0"/>
			<height>0</height>
			<width>0</width>
		</widget>
		<widget field="ADXRS453_Gyro[0]" type="Table" class="edu.wpi.first.smartdashboard.gui.elements.Compass">
			<location x="0" y="0"/>
			<height>0</height>
			<width>0</width>
		</widget>
		<widget field="ADXRS453_Gyro[0]" type="Table" class="edu.wpi.first.smartdashboard.gui.elements.Compass">
			<location x="0" y="0"/>
			<height>0</height>
			<width>0</width>
		</widget>
		<widget field="CANTalon[1]" type="Table" class="edu.wpi.first.smartdashboard.livewindow.elements.CANSpeedController">
			<location x="0" y="0"/>
			<height>0</height>
			<width>0</width>
		</widget>
		<widget field="CANTalon[1]" type="Table" class="edu.wpi.first.smartdashboard.livewindow.elements.CANSpeedController">
			<location x="0" y="0"/>
			<height>0</height>
			<width>0</width>
		</widget>
		<location x="0" y="0"/>
		<width>305</width>
		<height>1669</height>
	</widget>
</live-window>
</xml>